Atal Setu,Eastern Expressway
1.71747e-07,1.44548e-07
1.81739e-07,1.3721e-07
1.87855e-07,1.51241e-07
1.87901e-07,1.54137e-07
1.89653e-07,1.5232e-07
1.75668e-07,1.53365e-07
1.87827e-07,1.4503e-07
1.87293e-07,1.53103e-07
1.76468e-07,1.54801e-07
1.76086e-07,1.49014e-07
1.98468e-07,1.5171e-07
1.72287e-07,1.40054e-07
1.73822e-07,1.4754e-07
1.83698e-07,1.35554e-07
1.98368e-07,1.49117e-07
1.95392e-07,1.50862e-07
1.60056e-07,1.47631e-07
1.8889e-07,1.33347e-07
1.88313e-07,1.45833e-07
1.76882e-07,1.56747e-07
1.87813e-07,1.65421e-07
1.74401e-07,1.50346e-07
1.71177e-07,1.60736e-07
1.81425e-07,1.33715e-07
1.87997e-07,1.48515e-07
1.9421e-07,1.44131e-07
1.88501e-07,1.43936e-07
1.96805e-07,1.71322e-07
1.85836e-07,1.57363e-07
1.84249e-07,1.61283e-07
1.72887e-07,1.62756e-07
1.83161e-07,1.53533e-07
1.96359e-07,1.52425e-07
1.88729e-07,1.44662e-07
2.05724e-07,1.33253e-07
1.90428e-07,1.44276e-07
1.81861e-07,1.43297e-07
1.87587e-07,1.61532e-07
1.9436e-07,1.63509e-07
1.99447e-07,1.3605e-07
1.9202e-07,1.47961e-07
1.85653e-07,1.53992e-07
1.70904e-07,1.44229e-07
1.85184e-07,1.35428e-07
1.76405e-07,1.32861e-07
1.8098e-07,1.4872e-07
1.88604e-07,1.48657e-07
1.81519e-07,1.33173e-07
2.05174e-07,1.49598e-07
1.98366e-07,1.54175e-07
1.84844e-07,1.26508e-07
1.82184e-07,1.55465e-07
1.86156e-07,1.55749e-07
1.83256e-07,1.50197e-07
2.0141e-07,1.44795e-07
1.77322e-07,1.45247e-07
1.75171e-07,1.42488e-07
1.90944e-07,1.64509e-07
1.88264e-07,1.54577e-07
1.88271e-07,1.58131e-07
1.81315e-07,1.4512e-07
1.67672e-07,1.41273e-07
1.86422e-07,1.53773e-07
1.88507e-07,1.57386e-07
1.66562e-07,1.54409e-07
2.00005e-07,1.46183e-07
1.82589e-07,1.3884e-07
1.86099e-07,1.45969e-07
1.64587e-07,1.4974e-07
1.80796e-07,1.39023e-07
1.80207e-07,1.46955e-07
1.94012e-07,1.45363e-07
1.8595e-07,1.47815e-07
1.82641e-07,1.47979e-07
1.84278e-07,1.65712e-07
2.10236e-07,1.53174e-07
1.95984e-07,1.52398e-07
1.69914e-07,1.51613e-07
1.80984e-07,1.52408e-07
1.79639e-07,1.47967e-07
1.8959e-07,1.51547e-07
1.87674e-07,1.34926e-07
2.03721e-07,1.49847e-07
1.76216e-07,1.5062e-07
1.85525e-07,1.4802e-07
1.7755e-07,1.42666e-07
1.83494e-07,1.59989e-07
1.79328e-07,1.44171e-07
1.8689e-07,1.55862e-07
1.9622e-07,1.46633e-07
1.82767e-07,1.50461e-07
1.94612e-07,1.34698e-07
1.78526e-07,1.56797e-07
1.8967e-07,1.52114e-07
1.9185e-07,1.40633e-07
2.0283e-07,1.314e-07
1.98768e-07,1.55887e-07
2.03948e-07,1.44151e-07
1.91758e-07,1.33764e-07
1.78366e-07,1.46566e-07
1.91126e-07,1.40968e-07
1.94007e-07,1.39573e-07
1.89617e-07,1.41008e-07
1.86459e-07,1.5321e-07
1.82608e-07,1.43822e-07
1.66218e-07,1.57791e-07
1.68737e-07,1.44081e-07
1.92752e-07,1.52687e-07
1.76698e-07,1.49407e-07
1.65489e-07,1.50177e-07
1.8621e-07,1.56428e-07
1.71674e-07,1.42265e-07
1.81431e-07,1.71016e-07
1.87764e-07,1.53991e-07
1.74021e-07,1.45879e-07
1.86031e-07,1.58826e-07
1.98218e-07,1.4653e-07
1.86708e-07,1.2987e-07
1.84084e-07,1.32232e-07
1.72495e-07,1.52375e-07
1.95164e-07,1.56163e-07
1.9128e-07,1.45715e-07
1.78831e-07,1.57716e-07
1.7744e-07,1.43889e-07
1.91331e-07,1.63975e-07
1.84076e-07,1.45435e-07
1.97436e-07,1.4942e-07
1.89847e-07,1.4351e-07
1.88172e-07,1.54139e-07
1.82603e-07,1.43224e-07
1.87792e-07,1.45839e-07
1.8843e-07,1.56047e-07
1.81528e-07,1.20292e-07
1.86381e-07,1.49535e-07
1.76604e-07,1.42278e-07
1.86201e-07,1.32258e-07
1.75906e-07,1.50395e-07
1.79304e-07,1.45535e-07
1.86208e-07,1.46928e-07
1.82252e-07,1.46388e-07
1.77006e-07,1.36861e-07
1.90539e-07,1.37714e-07
1.96463e-07,1.41365e-07
1.92145e-07,1.58634e-07
1.90039e-07,1.53025e-07
1.97015e-07,1.39041e-07
1.93685e-07,1.4981e-07
1.77067e-07,1.47867e-07
1.67807e-07,1.48052e-07
1.94546e-07,1.64322e-07
1.89925e-07,1.48632e-07
1.83339e-07,1.39851e-07
1.88579e-07,1.5579e-07
1.97211e-07,1.73382e-07
1.78472e-07,1.55081e-07
1.77511e-07,1.48441e-07
1.95559e-07,1.46308e-07
1.73001e-07,1.52362e-07
1.84573e-07,1.4547e-07
1.86345e-07,1.40892e-07
1.82557e-07,1.65685e-07
1.80254e-07,1.3431e-07
1.87024e-07,1.38219e-07
1.96282e-07,1.49691e-07
1.81694e-07,1.44231e-07
1.96018e-07,1.49239e-07
1.86806e-07,1.4131e-07
1.69233e-07,1.49738e-07
1.89831e-07,1.34461e-07
1.93309e-07,1.49939e-07
1.92525e-07,1.52556e-07
1.94742e-07,1.47985e-07
1.88638e-07,1.51524e-07
1.84881e-07,1.40969e-07
1.9632e-07,1.63342e-07
1.95933e-07,1.4882e-07
1.56477e-07,1.42639e-07
1.82617e-07,1.50588e-07
1.87157e-07,1.48476e-07
1.71454e-07,1.48801e-07
1.802e-07,1.65785e-07
2.01377e-07,1.35968e-07
1.86769e-07,1.49708e-07
1.7492e-07,1.43655e-07
1.74712e-07,1.41345e-07
1.893e-07,1.41927e-07
1.81286e-07,1.51489e-07
1.65685e-07,1.44781e-07
1.75798e-07,1.52922e-07
2.03391e-07,1.61725e-07
1.90366e-07,1.28157e-07
1.97698e-07,1.42698e-07
1.91368e-07,1.48478e-07
1.84969e-07,1.38593e-07
1.90137e-07,1.37687e-07
1.80863e-07,1.42033e-07
1.73217e-07,1.57557e-07
1.79021e-07,1.64049e-07
1.8762e-07,1.38771e-07
1.85866e-07,1.47428e-07
1.87245e-07,1.70331e-07
1.79638e-07,1.57468e-07
1.83391e-07,1.49196e-07
1.96785e-07,1.42478e-07
1.9358e-07,1.44308e-07
1.85504e-07,1.50329e-07
1.93931e-07,1.43345e-07
1.90428e-07,1.48205e-07
1.84907e-07,1.4369e-07
1.99852e-07,1.52692e-07
1.91559e-07,1.47471e-07
1.91226e-07,1.3308e-07
1.9002e-07,1.57403e-07
1.61802e-07,1.33114e-07
1.93524e-07,1.41423e-07
1.82677e-07,1.42634e-07
1.84817e-07,1.80626e-07
1.91843e-07,1.33986e-07
1.89802e-07,1.43257e-07
1.94004e-07,1.45208e-07
1.98169e-07,1.26226e-07
1.65454e-07,1.47997e-07
1.8069e-07,1.37108e-07
1.83499e-07,1.362e-07
1.79453e-07,1.53784e-07
1.8003e-07,1.25643e-07
1.88521e-07,1.49661e-07
2.08922e-07,1.47456e-07
1.79669e-07,1.26834e-07
1.97476e-07,1.40254e-07
1.77626e-07,1.52422e-07
2.04658e-07,1.36252e-07
1.79048e-07,1.23839e-07
1.83649e-07,1.614e-07
1.70083e-07,1.42794e-07
1.68858e-07,1.46721e-07
1.76574e-07,1.45949e-07
1.94039e-07,1.45728e-07
1.79417e-07,1.60315e-07
2.0031e-07,1.50359e-07
1.71362e-07,1.38708e-07
1.86729e-07,1.60652e-07
1.91235e-07,1.37365e-07
1.88903e-07,1.52684e-07
1.95201e-07,1.42893e-07
1.82507e-07,1.57306e-07
1.94342e-07,1.41398e-07
1.95465e-07,1.51745e-07
1.8775e-07,1.51771e-07
1.74986e-07,1.51808e-07
1.89613e-07,1.49221e-07
1.73359e-07,1.56895e-07
1.80263e-07,1.50076e-07
1.71696e-07,1.60543e-07
2.02179e-07,1.49263e-07
1.90824e-07,1.39601e-07
1.89631e-07,1.46291e-07
1.7524e-07,1.53198e-07
1.80205e-07,1.57159e-07
2.01754e-07,1.5275e-07
1.91623e-07,1.53891e-07
1.98347e-07,1.48489e-07
2.02018e-07,1.27661e-07
1.8781e-07,1.50861e-07
1.72993e-07,1.64229e-07
1.88979e-07,1.31154e-07
1.81106e-07,1.35254e-07
1.88764e-07,1.51585e-07
1.87851e-07,1.37346e-07
1.83938e-07,1.64022e-07
1.72976e-07,1.49663e-07
2.08551e-07,1.55097e-07
1.96806e-07,1.42669e-07
1.76035e-07,1.46536e-07
1.90001e-07,1.33465e-07
1.78494e-07,1.63223e-07
1.95966e-07,1.5686e-07
2.06116e-07,1.4739e-07
1.84289e-07,1.35443e-07
1.99491e-07,1.37235e-07
1.86494e-07,1.48888e-07
1.88181e-07,1.32773e-07
1.98194e-07,1.52124e-07
1.73352e-07,1.57896e-07
1.82704e-07,1.4859e-07
1.8139e-07,1.5207e-07
1.92775e-07,1.5336e-07
1.97951e-07,1.59316e-07
1.80802e-07,1.57108e-07
1.92846e-07,1.49923e-07
1.70727e-07,1.57013e-07
1.6088e-07,1.36308e-07
2.15943e-07,1.42401e-07
1.85903e-07,1.3283e-07
1.89193e-07,1.52979e-07
1.75925e-07,1.59228e-07
1.83289e-07,1.27469e-07
1.8764e-07,1.54598e-07
1.85256e-07,1.55935e-07
1.97717e-07,1.52809e-07
2.01016e-07,1.58612e-07
1.95868e-07,1.57286e-07
1.88619e-07,1.51649e-07
1.98556e-07,1.62224e-07
1.84355e-07,1.44995e-07
1.95864e-07,1.51671e-07
1.86676e-07,1.40086e-07
2.00695e-07,1.30539e-07
1.95713e-07,1.2725e-07
1.63754e-07,1.53977e-07
1.82032e-07,1.59964e-07
2.02015e-07,1.47618e-07
1.83316e-07,1.42194e-07
1.96179e-07,1.46152e-07
1.79552e-07,1.65063e-07
1.88473e-07,1.43369e-07
1.81066e-07,1.49011e-07
1.83373e-07,1.63041e-07
1.97092e-07,1.55144e-07
1.94589e-07,1.4495e-07
1.63845e-07,1.60351e-07
1.90546e-07,1.42848e-07
1.85409e-07,1.4087e-07
1.74026e-07,1.46744e-07
1.75251e-07,1.62386e-07
1.7831e-07,1.40877e-07
1.79939e-07,1.53545e-07
1.96006e-07,1.46479e-07
1.91653e-07,1.37897e-07
2.05081e-07,1.3736e-07
1.87789e-07,1.40784e-07
1.95432e-07,1.4206e-07
1.89045e-07,1.55767e-07
1.79604e-07,1.32569e-07
1.878e-07,1.48265e-07
1.92983e-07,1.51506e-07
1.84806e-07,1.49562e-07
1.88603e-07,1.39216e-07
1.98124e-07,1.4492e-07
1.81901e-07,1.48459e-07
1.9438e-07,1.52595e-07
1.82368e-07,1.38354e-07
1.76072e-07,1.41416e-07
1.73401e-07,1.41121e-07
1.95403e-07,1.79345e-07
1.75399e-07,1.51653e-07
1.96872e-07,1.5473e-07
1.91681e-07,1.54148e-07
1.845e-07,1.5293e-07
1.7327e-07,1.50678e-07
1.80256e-07,1.51419e-07
1.89356e-07,1.46239e-07
1.91517e-07,1.44843e-07
1.84791e-07,1.43384e-07
1.93662e-07,1.55658e-07
2.03232e-07,1.28815e-07
1.98955e-07,1.41837e-07
1.68757e-07,1.51026e-07
1.8616e-07,1.45658e-07
1.83291e-07,1.57822e-07
2.00925e-07,1.35443e-07
1.95269e-07,1.45597e-07
2.00018e-07,1.32154e-07
1.88451e-07,1.55437e-07
1.78587e-07,1.59231e-07
1.78306e-07,1.51021e-07
1.93702e-07,1.52298e-07
1.82265e-07,1.37327e-07
1.68985e-07,1.4635e-07
1.92469e-07,1.42852e-07
1.85848e-07,1.31111e-07
1.95012e-07,1.32404e-07
1.80115e-07,1.44637e-07
1.76864e-07,1.52977e-07
1.87001e-07,1.4402e-07
1.84926e-07,1.51479e-07
1.9345e-07,1.3374e-07
1.7205e-07,1.56971e-07
1.91018e-07,1.7634e-07
1.90199e-07,1.52503e-07
1.98874e-07,1.24124e-07
1.92824e-07,1.42684e-07
1.70775e-07,1.4832e-07
1.70865e-07,1.29853e-07
1.83744e-07,1.49959e-07
1.70016e-07,1.49335e-07
1.83517e-07,1.3652e-07
1.99836e-07,1.53135e-07
1.81366e-07,1.57449e-07
1.88863e-07,1.55111e-07
1.70762e-07,1.55821e-07
1.91145e-07,1.52298e-07
1.8884e-07,1.54351e-07
1.88639e-07,1.48186e-07
1.97061e-07,1.65913e-07
1.82834e-07,1.37989e-07
1.92422e-07,1.52475e-07
1.86932e-07,1.63437e-07
1.95172e-07,1.61127e-07
1.79949e-07,1.522e-07
1.85995e-07,1.44826e-07
1.77786e-07,1.58834e-07
1.78124e-07,1.4828e-07
1.92166e-07,1.40405e-07
1.92122e-07,1.3892e-07
1.82735e-07,1.4121e-07
1.71249e-07,1.52434e-07
1.7717e-07,1.43348e-07
1.88206e-07,1.42273e-07
1.95185e-07,1.54909e-07
1.88104e-07,1.52509e-07
1.75059e-07,1.52449e-07
1.88478e-07,1.50764e-07
1.77862e-07,1.42216e-07
1.73245e-07,1.5452e-07
1.84326e-07,1.50141e-07
1.95778e-07,1.56898e-07
1.90691e-07,1.54777e-07
1.71942e-07,1.53323e-07
1.70462e-07,1.47781e-07
2.02145e-07,1.66868e-07
1.84752e-07,1.49976e-07
1.77123e-07,1.56806e-07
1.92311e-07,1.39142e-07
1.84418e-07,1.524e-07
1.98155e-07,1.56329e-07
1.95681e-07,1.52214e-07
1.8669e-07,1.36305e-07
1.83022e-07,1.67304e-07
1.842e-07,1.56747e-07
1.87923e-07,1.43234e-07
1.80754e-07,1.36724e-07
1.89588e-07,1.44806e-07
1.90927e-07,1.66463e-07
2.0476e-07,1.44243e-07
1.86048e-07,1.58055e-07
1.88509e-07,1.56087e-07
1.86576e-07,1.59655e-07
1.91095e-07,1.43044e-07
2.00335e-07,1.57342e-07
1.87188e-07,1.36318e-07
1.94185e-07,1.58095e-07
1.87475e-07,1.58027e-07
1.97251e-07,1.45872e-07
1.84051e-07,1.37957e-07
1.90568e-07,1.48476e-07
1.67477e-07,1.5219e-07
2.01416e-07,1.57561e-07
1.81304e-07,1.53063e-07
1.93553e-07,1.54637e-07
1.67536e-07,1.52843e-07
1.80315e-07,1.38338e-07
1.79935e-07,1.49814e-07
1.86648e-07,1.44095e-07
1.84829e-07,1.5034e-07
1.8934e-07,1.50559e-07
1.82734e-07,1.55511e-07
1.72145e-07,1.52267e-07
1.90699e-07,1.55157e-07
1.87178e-07,1.30325e-07
1.92587e-07,1.49153e-07
1.81887e-07,1.48561e-07
1.938e-07,1.42975e-07
1.67616e-07,1.45392e-07
2.01284e-07,1.41792e-07
1.8213e-07,1.57175e-07
1.8868e-07,1.42198e-07
1.93679e-07,1.34586e-07
1.90854e-07,1.58395e-07
1.8159e-07,1.4902e-07
1.91324e-07,1.46011e-07
1.91655e-07,1.55085e-07
1.91441e-07,1.53465e-07
1.68576e-07,1.49512e-07
1.86096e-07,1.59144e-07
1.81146e-07,1.50595e-07
1.8836e-07,1.41453e-07
1.95699e-07,1.45758e-07
1.84143e-07,1.49397e-07
1.84287e-07,1.42497e-07
1.93545e-07,1.56703e-07
1.89462e-07,1.4959e-07
1.93893e-07,1.466e-07
1.91636e-07,1.53388e-07
1.74418e-07,1.48608e-07
2.03142e-07,1.49792e-07
1.79786e-07,1.30294e-07
1.8091e-07,1.42532e-07
1.80451e-07,1.53619e-07
1.87233e-07,1.61722e-07
1.86131e-07,1.35228e-07
1.81707e-07,1.41352e-07
1.94032e-07,1.33423e-07
1.85481e-07,1.70559e-07
1.83648e-07,1.4387e-07
1.81391e-07,1.52763e-07
1.91456e-07,1.49773e-07
1.68925e-07,1.62327e-07
1.78564e-07,1.63146e-07
1.83055e-07,1.54472e-07
1.81819e-07,1.42668e-07
1.75614e-07,1.62983e-07
1.85484e-07,1.53772e-07
1.80295e-07,1.57528e-07
1.94101e-07,1.5038e-07
1.9812e-07,1.58397e-07
1.94219e-07,1.52707e-07
1.91791e-07,1.49906e-07
1.75765e-07,1.46564e-07
2.01513e-07,1.5122e-07
1.88934e-07,1.3058e-07
1.73693e-07,1.50312e-07
1.90099e-07,1.48375e-07
1.86829e-07,1.49207e-07
1.97319e-07,1.401e-07
1.85329e-07,1.57111e-07
1.89132e-07,1.48964e-07
2.02367e-07,1.44802e-07
1.89784e-07,1.44642e-07
1.79628e-07,1.57387e-07
1.86763e-07,1.44722e-07
1.78348e-07,1.48542e-07
1.81242e-07,1.30953e-07
1.8291e-07,1.39639e-07
1.87975e-07,1.61406e-07
1.98546e-07,1.56468e-07
1.9172e-07,1.49771e-07
1.94535e-07,1.61708e-07
1.86521e-07,1.6004e-07
1.78826e-07,1.43121e-07
1.69371e-07,1.59274e-07
1.79256e-07,1.47853e-07
1.85579e-07,1.442e-07
1.82967e-07,1.55678e-07
1.76004e-07,1.50787e-07
1.96984e-07,1.46552e-07
1.74209e-07,1.31238e-07
1.78942e-07,1.51396e-07
1.80266e-07,1.44226e-07
1.84746e-07,1.35704e-07
1.92089e-07,1.47115e-07
1.87595e-07,1.47655e-07
2.0065e-07,1.47501e-07
1.87766e-07,1.40562e-07
1.90117e-07,1.48601e-07
1.94331e-07,1.48205e-07
1.8836e-07,1.54661e-07
1.90594e-07,1.41201e-07
1.7899e-07,1.41255e-07
1.8401e-07,1.4029e-07
1.75704e-07,1.48888e-07
2.02444e-07,1.47577e-07
1.9447e-07,1.53732e-07
1.90104e-07,1.37534e-07
1.87005e-07,1.44291e-07
1.94227e-07,1.45517e-07
1.8639e-07,1.63105e-07
1.95274e-07,1.50486e-07
1.83007e-07,1.50062e-07
1.92363e-07,1.50946e-07
1.84573e-07,1.53818e-07
1.74451e-07,1.35265e-07
1.86454e-07,1.7018e-07
1.92618e-07,1.367e-07
1.7547e-07,1.52914e-07
1.84508e-07,1.42911e-07
1.80747e-07,1.56664e-07
1.93494e-07,1.38977e-07
1.77412e-07,1.58941e-07
1.96807e-07,1.44797e-07
1.87548e-07,1.47612e-07
1.6807e-07,1.52763e-07
1.93443e-07,1.60605e-07
1.69881e-07,1.44175e-07
1.66887e-07,1.54856e-07
1.89977e-07,1.57791e-07
1.93631e-07,1.57999e-07
1.98097e-07,1.64916e-07
1.78266e-07,1.52301e-07
1.88606e-07,1.40828e-07
1.71967e-07,1.51583e-07
1.77096e-07,1.42018e-07
1.8194e-07,1.58292e-07
1.78104e-07,1.48155e-07
1.8836e-07,1.68405e-07
1.90441e-07,1.52375e-07
1.67616e-07,1.50499e-07
1.76042e-07,1.48332e-07
1.94369e-07,1.24588e-07
1.77073e-07,1.47263e-07
1.88232e-07,1.45366e-07
1.79043e-07,1.41111e-07
1.62574e-07,1.53235e-07
1.90331e-07,1.52783e-07
1.81397e-07,1.39853e-07
1.94537e-07,1.24217e-07
1.91816e-07,1.52513e-07
1.66699e-07,1.47228e-07
1.92129e-07,1.5834e-07
1.81962e-07,1.44916e-07
2.01777e-07,1.60874e-07
1.89109e-07,1.44598e-07
1.80864e-07,1.54457e-07
1.85932e-07,1.5352e-07
1.70958e-07,1.20871e-07
1.85779e-07,1.25444e-07
1.83692e-07,1.25874e-07
1.81478e-07,1.39208e-07
1.68727e-07,1.62454e-07
1.78234e-07,1.35708e-07
1.87892e-07,1.61723e-07
1.64509e-07,1.18823e-07
1.87762e-07,1.34555e-07
1.73282e-07,1.50872e-07
1.76642e-07,1.4395e-07
1.95093e-07,1.63067e-07
2.01592e-07,1.50223e-07
1.76095e-07,1.40755e-07
1.80871e-07,1.36865e-07
1.82815e-07,1.58026e-07
1.83938e-07,1.4936e-07
1.83797e-07,1.35493e-07
1.94556e-07,1.53423e-07
1.8688e-07,1.433e-07
1.9688e-07,1.47687e-07
1.77722e-07,1.48687e-07
1.80005e-07,1.34824e-07
1.74852e-07,1.41218e-07
1.77831e-07,1.53822e-07
1.96603e-07,1.40722e-07
1.7994e-07,1.52192e-07
1.82324e-07,1.5768e-07
1.96267e-07,1.43457e-07
1.87544e-07,1.492e-07
1.88435e-07,1.52851e-07
1.82183e-07,1.51106e-07
1.95529e-07,1.60537e-07
1.96404e-07,1.30847e-07
1.7151e-07,1.50408e-07
1.85821e-07,1.58607e-07
1.98043e-07,1.46515e-07
1.75106e-07,1.4714e-07
1.99233e-07,1.53076e-07
1.91892e-07,1.57633e-07
1.82542e-07,1.77175e-07
1.76709e-07,1.45375e-07
1.91326e-07,1.39742e-07
1.75466e-07,1.53949e-07
1.96471e-07,1.49151e-07
1.79372e-07,1.50179e-07
1.84411e-07,1.44724e-07
1.81904e-07,1.44398e-07
1.90476e-07,1.33906e-07
1.8074e-07,1.49276e-07
1.90054e-07,1.30035e-07
1.82359e-07,1.49508e-07
1.77865e-07,1.36689e-07
1.81631e-07,1.50901e-07
1.82582e-07,1.5438e-07
1.71183e-07,1.40898e-07
1.8703e-07,1.40405e-07
1.77961e-07,1.35645e-07
1.77041e-07,1.32309e-07
1.90336e-07,1.38937e-07
1.84287e-07,1.64846e-07
1.74791e-07,1.40442e-07
1.79567e-07,1.50461e-07
1.88339e-07,1.52388e-07
1.96804e-07,1.55468e-07
1.86589e-07,1.56062e-07
1.70113e-07,1.49143e-07
1.7701e-07,1.50038e-07
1.71404e-07,1.44149e-07
1.83376e-07,1.36373e-07
1.83649e-07,1.58237e-07
1.86475e-07,1.41547e-07
1.69668e-07,1.6296e-07
1.87955e-07,1.38691e-07
1.8991e-07,1.4079e-07
1.91986e-07,1.56757e-07
1.78744e-07,1.43147e-07
2.02457e-07,1.3742e-07
1.89922e-07,1.60734e-07
1.71964e-07,1.68303e-07
1.88409e-07,1.42331e-07
1.75919e-07,1.54442e-07
1.79109e-07,1.43251e-07
1.87015e-07,1.44432e-07
1.65154e-07,1.3494e-07
1.98174e-07,1.25186e-07
1.88401e-07,1.46126e-07
1.8692e-07,1.50691e-07
1.90592e-07,1.50236e-07
1.7758e-07,1.53936e-07
1.97678e-07,1.63341e-07
1.80723e-07,1.36295e-07
1.9232e-07,1.40376e-07
1.83451e-07,1.56275e-07
1.9511e-07,1.24329e-07
1.83867e-07,1.57415e-07
1.68866e-07,1.53129e-07
1.84445e-07,1.44169e-07
1.83523e-07,1.30138e-07
1.70029e-07,1.60934e-07
1.80691e-07,1.52323e-07
1.85353e-07,1.51562e-07
1.8783e-07,1.40502e-07
1.9406e-07,1.60143e-07
1.94533e-07,1.57014e-07
1.87109e-07,1.55042e-07
1.89044e-07,1.35217e-07
1.85164e-07,1.54772e-07
1.83506e-07,1.52446e-07
1.82203e-07,1.37526e-07
1.88106e-07,1.53487e-07
1.90322e-07,1.45743e-07
1.58475e-07,1.49694e-07
1.60071e-07,1.40078e-07
1.80521e-07,1.44928e-07
1.79579e-07,1.41433e-07
1.92926e-07,1.56728e-07
1.99948e-07,1.53642e-07
1.7968e-07,1.5883e-07
1.77628e-07,1.40823e-07
2.1645e-07,1.40864e-07
1.81795e-07,1.38717e-07
1.84238e-07,1.49586e-07
2.06845e-07,1.57017e-07
1.95408e-07,1.31072e-07
1.78115e-07,1.49706e-07
1.80984e-07,1.67728e-07
1.7751e-07,1.50904e-07
1.8982e-07,1.5195e-07
1.77131e-07,1.49939e-07
1.83281e-07,1.34978e-07
1.67729e-07,1.40433e-07
1.89295e-07,1.47197e-07
1.86886e-07,1.39835e-07
1.79104e-07,1.51959e-07
1.85986e-07,1.46652e-07
1.86496e-07,1.44636e-07
1.87978e-07,1.52422e-07
1.72616e-07,1.63781e-07
1.84122e-07,1.46479e-07
1.79535e-07,1.41229e-07
1.84735e-07,1.61255e-07
1.77332e-07,1.46887e-07
1.87492e-07,1.5819e-07
1.90247e-07,1.33543e-07
1.89394e-07,1.60713e-07
1.82506e-07,1.37903e-07
1.77031e-07,1.38619e-07
2.00842e-07,1.40904e-07
1.79788e-07,1.40981e-07
1.77859e-07,1.38868e-07
1.8302e-07,1.48831e-07
1.81696e-07,1.37867e-07
1.8718e-07,1.46555e-07
1.93136e-07,1.54047e-07
1.88679e-07,1.61796e-07
1.82974e-07,1.53344e-07
1.90203e-07,1.35297e-07
1.85327e-07,1.56534e-07
1.9207e-07,1.36964e-07
1.78642e-07,1.55385e-07
1.81789e-07,1.51396e-07
1.74033e-07,1.55898e-07
1.83726e-07,1.45965e-07
1.87798e-07,1.47825e-07
1.90048e-07,1.46042e-07
2.0861e-07,1.56125e-07
1.66591e-07,1.5159e-07
1.72506e-07,1.46396e-07
1.67715e-07,1.60343e-07
1.99895e-07,1.48129e-07
1.99946e-07,1.5299e-07
1.94663e-07,1.53924e-07
1.89863e-07,1.63651e-07
1.79743e-07,1.51974e-07
1.99234e-07,1.47604e-07
1.81052e-07,1.3571e-07
1.89968e-07,1.51155e-07
1.84023e-07,1.50281e-07
1.86152e-07,1.55159e-07
1.84254e-07,1.43251e-07
1.83678e-07,1.33789e-07
1.83622e-07,1.34071e-07
1.96204e-07,1.44712e-07
1.89601e-07,1.33612e-07
1.84168e-07,1.45062e-07
1.84236e-07,1.41525e-07
1.77411e-07,1.60324e-07
1.90483e-07,1.55421e-07
1.82485e-07,1.55635e-07
1.83363e-07,1.50108e-07
1.86006e-07,1.49368e-07
1.84345e-07,1.28018e-07
1.86012e-07,1.48761e-07
1.91815e-07,1.62156e-07
1.91379e-07,1.47042e-07
1.82923e-07,1.36514e-07
1.85489e-07,1.45005e-07
1.81289e-07,1.45532e-07
1.95738e-07,1.57887e-07
1.67171e-07,1.41442e-07
1.85922e-07,1.47927e-07
1.80816e-07,1.44494e-07
1.80894e-07,1.49048e-07
1.82031e-07,1.50831e-07
1.83432e-07,1.57768e-07
1.88949e-07,1.40823e-07
1.78437e-07,1.49296e-07
1.81576e-07,1.48259e-07
1.88321e-07,1.65608e-07
1.99846e-07,1.34332e-07
1.78639e-07,1.60838e-07
1.61659e-07,1.52007e-07
1.97052e-07,1.62055e-07
1.85004e-07,1.44493e-07
1.82295e-07,1.4051e-07
1.83205e-07,1.43851e-07
1.81936e-07,1.51371e-07
1.91552e-07,1.36916e-07
1.90351e-07,1.4965e-07
1.83321e-07,1.59008e-07
1.82101e-07,1.45904e-07
1.81771e-07,1.61733e-07
1.95339e-07,1.3857e-07
1.92516e-07,1.41771e-07
1.8713e-07,1.43105e-07
1.93388e-07,1.58481e-07
1.97193e-07,1.47917e-07
1.65376e-07,1.47924e-07
1.85754e-07,1.45202e-07
1.89694e-07,1.52565e-07
1.78719e-07,1.38776e-07
1.90875e-07,1.71926e-07
2.13996e-07,1.42767e-07
1.83334e-07,1.42757e-07
1.86619e-07,1.46688e-07
1.978e-07,1.55655e-07
1.84862e-07,1.60699e-07
1.94587e-07,1.42066e-07
1.79679e-07,1.65089e-07
1.79718e-07,1.31341e-07
1.87596e-07,1.38629e-07
1.77814e-07,1.42639e-07
1.84581e-07,1.556e-07
1.94158e-07,1.51205e-07
1.81213e-07,1.5006e-07
1.96215e-07,1.52451e-07
1.9531e-07,1.62761e-07
1.79138e-07,1.60266e-07
1.86577e-07,1.56535e-07
1.79662e-07,1.5531e-07
2.02635e-07,1.42646e-07
1.90449e-07,1.51263e-07
1.96101e-07,1.41655e-07
2.08039e-07,1.32634e-07
1.8533e-07,1.50127e-07
1.948e-07,1.51375e-07
1.77724e-07,1.47651e-07
1.78266e-07,1.50043e-07
1.69811e-07,1.28487e-07
1.81216e-07,1.51626e-07
1.86691e-07,1.47424e-07
1.90514e-07,1.49878e-07
1.92498e-07,1.48458e-07
1.87885e-07,1.39387e-07
1.79877e-07,1.59005e-07
1.88207e-07,1.51131e-07
1.93225e-07,1.45432e-07
1.86521e-07,1.52095e-07
1.90012e-07,1.58783e-07
2.03981e-07,1.47569e-07
1.89718e-07,1.44001e-07
1.89702e-07,1.3206e-07
1.83019e-07,1.45727e-07
1.87855e-07,1.52878e-07
1.81202e-07,1.49208e-07
1.85936e-07,1.58108e-07
1.68198e-07,1.44329e-07
1.87545e-07,1.39557e-07
1.96505e-07,1.50728e-07
1.68447e-07,1.59812e-07
1.74014e-07,1.43862e-07
1.78937e-07,1.53597e-07
1.88914e-07,1.36072e-07
1.93644e-07,1.51912e-07
1.80071e-07,1.59935e-07
1.87914e-07,1.48083e-07
1.84697e-07,1.43693e-07
1.80888e-07,1.41326e-07
1.84181e-07,1.59447e-07
1.86213e-07,1.50377e-07
1.79749e-07,1.62797e-07
1.9419e-07,1.58639e-07
1.87668e-07,1.61437e-07
1.83356e-07,1.49674e-07
1.75388e-07,1.36681e-07
1.93222e-07,1.58716e-07
1.89126e-07,1.43635e-07
1.92798e-07,1.55753e-07
1.97379e-07,1.5234e-07
2.00177e-07,1.37782e-07
1.77789e-07,1.51104e-07
1.91827e-07,1.42103e-07
1.83147e-07,1.41434e-07
1.78792e-07,1.74588e-07
1.87297e-07,1.57303e-07
1.93432e-07,1.39688e-07
1.78941e-07,1.54878e-07
1.9044e-07,1.45389e-07
1.88012e-07,1.29876e-07
1.87063e-07,1.44513e-07
1.93776e-07,1.45695e-07
1.6733e-07,1.54251e-07
1.81264e-07,1.61961e-07
1.73185e-07,1.51805e-07
1.93258e-07,1.38338e-07
1.82403e-07,1.54605e-07
1.91372e-07,1.50361e-07
1.6856e-07,1.49201e-07
1.78001e-07,1.38827e-07
1.78671e-07,1.48575e-07
1.93465e-07,1.45616e-07
1.76115e-07,1.38887e-07
1.96163e-07,1.49593e-07
1.70481e-07,1.53503e-07
1.85348e-07,1.65019e-07
1.86825e-07,1.59736e-07
1.85667e-07,1.38066e-07
1.97548e-07,1.64133e-07
1.82129e-07,1.38638e-07
1.94492e-07,1.40332e-07
1.73889e-07,1.47067e-07
1.88483e-07,1.50105e-07
1.93964e-07,1.47501e-07
1.78268e-07,1.28063e-07
1.8305e-07,1.61113e-07
1.88659e-07,1.56808e-07
1.82319e-07,1.47289e-07
1.92983e-07,1.4099e-07
1.87794e-07,1.59864e-07
1.78919e-07,1.67474e-07
1.98497e-07,1.52328e-07
1.78577e-07,1.55336e-07
1.95359e-07,1.55152e-07
1.74033e-07,1.5217e-07
1.90643e-07,1.59494e-07
1.73954e-07,1.54073e-07
1.78863e-07,1.57062e-07
1.78865e-07,1.49545e-07
1.88969e-07,1.39769e-07
1.89398e-07,1.47075e-07
1.89288e-07,1.34859e-07
1.88713e-07,1.53154e-07
1.81337e-07,1.37257e-07
1.73946e-07,1.53693e-07
1.79073e-07,1.37432e-07
1.91073e-07,1.55467e-07
1.83316e-07,1.63484e-07
1.83867e-07,1.50859e-07
1.93381e-07,1.45057e-07
1.9479e-07,1.4154e-07
1.7743e-07,1.60419e-07
1.77102e-07,1.46713e-07
1.96423e-07,1.49026e-07
1.71337e-07,1.59448e-07
1.83723e-07,1.45199e-07
1.78803e-07,1.63985e-07
2.04279e-07,1.53137e-07
2.0729e-07,1.54666e-07
1.74047e-07,1.41473e-07
1.8845e-07,1.45977e-07
1.9347e-07,1.30623e-07
1.8872e-07,1.32361e-07
1.77121e-07,1.39391e-07
1.85417e-07,1.37634e-07
1.77377e-07,1.47738e-07
1.90428e-07,1.51495e-07
1.84212e-07,1.43427e-07
1.76287e-07,1.40868e-07
1.95267e-07,1.67802e-07
1.96821e-07,1.59026e-07
1.89478e-07,1.4965e-07
1.69092e-07,1.51319e-07
1.9907e-07,1.41077e-07
1.91294e-07,1.519e-07
1.88451e-07,1.50223e-07
1.73791e-07,1.46876e-07
1.97289e-07,1.4809e-07
1.93999e-07,1.45e-07
1.92149e-07,1.41753e-07
1.85095e-07,1.59746e-07
1.71388e-07,1.48282e-07
1.93759e-07,1.5026e-07
1.87786e-07,1.46943e-07
1.86942e-07,1.62944e-07
1.89912e-07,1.54207e-07
